dtype,init,rcond,tol,max_iter,mean_residual,max_residual,mean_time_sec,trend_match
float64,random,1e-08,1e-11,50,1.157758739425085e-13,1.4183830216728377e-13,0.05691562000429258,True
float64,random,1e-08,1e-11,5,1.157758739425085e-13,1.4183830216728377e-13,0.057041439996100965,True
float64,random,1e-08,1e-11,20,1.157758739425085e-13,1.4183830216728377e-13,0.057048379979096356,True
float64,random,1e-12,1e-13,50,1.1667157433537885e-13,1.4183830216728377e-13,0.057418320002034305,True
float64,random,1e-12,1e-13,20,1.1667157433537885e-13,1.4183830216728377e-13,0.05747809999156743,True
float64,random,1e-10,1e-11,50,1.157758739425085e-13,1.4183830216728377e-13,0.0587911200011149,True
float64,random,1e-10,1e-13,20,1.1667157433537885e-13,1.4183830216728377e-13,0.05881920001702383,True
float64,random,1e-10,1e-13,5,1.1667157433537885e-13,1.4183830216728377e-13,0.05986711998702958,True
float64,random,1e-12,1e-11,5,1.157758739425085e-13,1.4183830216728377e-13,0.05992899998091161,True
float64,random,1e-08,1e-13,5,1.1667157433537885e-13,1.4183830216728377e-13,0.06006006000097841,True
float64,random,1e-10,1e-11,20,1.157758739425085e-13,1.4183830216728377e-13,0.061563600017689166,True
float64,random,1e-12,1e-11,50,1.157758739425085e-13,1.4183830216728377e-13,0.06239018000196665,True
float64,random,1e-08,1e-13,20,1.1667157433537885e-13,1.4183830216728377e-13,0.06528784000547602,True
float64,random,1e-08,1e-13,50,1.1667157433537885e-13,1.4183830216728377e-13,0.06637478000484406,True
float64,random,1e-12,1e-11,20,1.157758739425085e-13,1.4183830216728377e-13,0.06766557998489589,True
float64,random,1e-10,1e-13,50,1.1667157433537885e-13,1.4183830216728377e-13,0.06818002000218257,True
float64,random,1e-12,1e-13,5,1.1667157433537885e-13,1.4183830216728377e-13,0.06830916000762954,True
float64,random,1e-10,1e-11,5,1.157758739425085e-13,1.4183830216728377e-13,0.06873758001020178,True
float64,pinv,1e-12,1e-11,5,1.1893153023389493e-13,1.4276047872951124e-13,0.05558411999372766,True
float64,pinv,1e-12,1e-11,20,1.1893153023389493e-13,1.4276047872951124e-13,0.055959940003231165,True
float64,pinv,1e-10,1e-11,20,1.1893153023389493e-13,1.4276047872951124e-13,0.05614681999431923,True
float64,pinv,1e-08,1e-11,50,1.1893153023389493e-13,1.4276047872951124e-13,0.05696522002108395,True
float64,pinv,1e-12,1e-11,50,1.1893153023389493e-13,1.4276047872951124e-13,0.05702808001078665,True
float64,pinv,1e-08,1e-11,20,1.1893153023389493e-13,1.4276047872951124e-13,0.0577609600033611,True
float64,pinv,1e-10,1e-11,50,1.1893153023389493e-13,1.4276047872951124e-13,0.057877339993137863,True
float64,zero,1e-12,1e-11,50,1.1893153023389493e-13,1.4276047872951124e-13,0.05832284000935033,True
float64,pinv,1e-10,1e-11,5,1.1893153023389493e-13,1.4276047872951124e-13,0.058572680014185606,True
float64,zero,1e-12,1e-11,5,1.1893153023389493e-13,1.4276047872951124e-13,0.058637120004277676,True
float64,zero,1e-12,1e-11,20,1.1893153023389493e-13,1.4276047872951124e-13,0.05868432000279426,True
float64,pinv,1e-08,1e-11,5,1.1893153023389493e-13,1.4276047872951124e-13,0.058757319988217205,True
float64,zero,1e-08,1e-11,50,1.1893153023389493e-13,1.4276047872951124e-13,0.05946001999545843,True
float64,zero,1e-08,1e-11,5,1.1893153023389493e-13,1.4276047872951124e-13,0.05972133999457583,True
float64,zero,1e-10,1e-11,5,1.1893153023389493e-13,1.4276047872951124e-13,0.061007399985101074,True
float64,zero,1e-10,1e-11,20,1.1893153023389493e-13,1.4276047872951124e-13,0.06112603999208659,True
float64,zero,1e-10,1e-11,50,1.1893153023389493e-13,1.4276047872951124e-13,0.06468973999144509,True
float64,zero,1e-08,1e-11,20,1.1893153023389493e-13,1.4276047872951124e-13,0.06607296000001953,True
float64,zero,1e-08,1e-13,50,1.1853628884784229e-13,1.4840526045664256e-13,0.057557419990189373,True
float64,pinv,1e-12,1e-13,20,1.1853628884784229e-13,1.4840526045664256e-13,0.057849460002034905,True
float64,zero,1e-12,1e-13,50,1.1853628884784229e-13,1.4840526045664256e-13,0.05790222000796348,True
float64,zero,1e-08,1e-13,20,1.1853628884784229e-13,1.4840526045664256e-13,0.0581003800034523,True
float64,zero,1e-08,1e-13,5,1.1853628884784229e-13,1.4840526045664256e-13,0.05820248001255095,True
float64,pinv,1e-10,1e-13,5,1.1853628884784229e-13,1.4840526045664256e-13,0.05836740002268925,True
float64,pinv,1e-08,1e-13,5,1.1853628884784229e-13,1.4840526045664256e-13,0.05860031999181956,True
float64,pinv,1e-10,1e-13,20,1.1853628884784229e-13,1.4840526045664256e-13,0.05861779999686405,True
float64,pinv,1e-12,1e-13,50,1.1853628884784229e-13,1.4840526045664256e-13,0.05876994000282139,True
float64,pinv,1e-08,1e-13,20,1.1853628884784229e-13,1.4840526045664256e-13,0.058856339997146276,True
float64,pinv,1e-08,1e-13,50,1.1853628884784229e-13,1.4840526045664256e-13,0.05885912000667304,True
float64,zero,1e-12,1e-13,20,1.1853628884784229e-13,1.4840526045664256e-13,0.05887317998567596,True
float64,pinv,1e-10,1e-13,50,1.1853628884784229e-13,1.4840526045664256e-13,0.05894271999131888,True
float64,zero,1e-12,1e-13,5,1.1853628884784229e-13,1.4840526045664256e-13,0.059311219991650434,True
float64,zero,1e-10,1e-13,50,1.1853628884784229e-13,1.4840526045664256e-13,0.06222870000638068,True
float64,pinv,1e-12,1e-13,5,1.1853628884784229e-13,1.4840526045664256e-13,0.06240609999513254,True
float64,zero,1e-10,1e-13,20,1.1853628884784229e-13,1.4840526045664256e-13,0.06263398000737652,True
float64,zero,1e-10,1e-13,5,1.1853628884784229e-13,1.4840526045664256e-13,0.065732860006392,True
float32,pinv,1e-08,1e-13,5,1.2862507373080647e-13,3.7013213893978887e-13,0.05638879999751225,True
float32,pinv,1e-08,1e-13,20,1.2862507373080647e-13,3.7013213893978887e-13,0.056870060006622224,True
float32,pinv,1e-12,1e-13,50,1.2862507373080647e-13,3.7013213893978887e-13,0.05755556001095101,True
float32,pinv,1e-12,1e-13,5,1.2862507373080647e-13,3.7013213893978887e-13,0.057733080012258145,True
float32,pinv,1e-08,1e-13,50,1.2862507373080647e-13,3.7013213893978887e-13,0.05773456000024453,True
float32,pinv,1e-12,1e-13,20,1.2862507373080647e-13,3.7013213893978887e-13,0.05823306000092998,True
float32,pinv,1e-10,1e-13,20,1.2862507373080647e-13,3.7013213893978887e-13,0.05882301999954507,True
float32,pinv,1e-10,1e-13,50,1.2862507373080647e-13,3.7013213893978887e-13,0.059453179989941415,True
float32,pinv,1e-10,1e-13,5,1.2862507373080647e-13,3.7013213893978887e-13,0.0595268799806945,True
float32,zero,1e-08,1e-13,50,1.2862507373080647e-13,3.7013213893978887e-13,0.060170800006017086,True
float32,zero,1e-10,1e-13,20,1.2862507373080647e-13,3.7013213893978887e-13,0.06031175999669358,True
float32,zero,1e-10,1e-13,50,1.2862507373080647e-13,3.7013213893978887e-13,0.060772339999675754,True
float32,zero,1e-12,1e-13,50,1.2862507373080647e-13,3.7013213893978887e-13,0.0612568800104782,True
float32,zero,1e-08,1e-13,20,1.2862507373080647e-13,3.7013213893978887e-13,0.06140959999756888,True
float32,zero,1e-12,1e-13,5,1.2862507373080647e-13,3.7013213893978887e-13,0.06155629999702796,True
float32,zero,1e-12,1e-13,20,1.2862507373080647e-13,3.7013213893978887e-13,0.06164422000292689,True
float32,zero,1e-10,1e-13,5,1.2862507373080647e-13,3.7013213893978887e-13,0.061762799997814,True
float32,zero,1e-08,1e-13,5,1.2862507373080647e-13,3.7013213893978887e-13,0.06289901998825372,True
float32,random,1e-12,1e-11,5,1.2835463633356745e-13,3.740365591134043e-13,0.05761572000337765,True
float32,random,1e-08,1e-11,5,1.2835463633356745e-13,3.740365591134043e-13,0.059563220012933016,True
float32,random,1e-10,1e-13,50,1.2860342972526446e-13,3.740365591134043e-13,0.060484060004819186,True
float32,random,1e-08,1e-11,50,1.2835463633356745e-13,3.740365591134043e-13,0.06066275999182835,True
float32,random,1e-10,1e-13,5,1.2860342972526446e-13,3.740365591134043e-13,0.06073703999863937,True
float32,random,1e-12,1e-13,5,1.2860342972526446e-13,3.740365591134043e-13,0.06079898001626134,True
float32,random,1e-08,1e-13,20,1.2860342972526446e-13,3.740365591134043e-13,0.06086777999298647,True
float32,random,1e-12,1e-11,50,1.2835463633356745e-13,3.740365591134043e-13,0.06095111998729408,True
float32,random,1e-10,1e-13,20,1.2860342972526446e-13,3.740365591134043e-13,0.06108395999763161,True
float32,random,1e-08,1e-11,20,1.2835463633356745e-13,3.740365591134043e-13,0.0616102600004524,True
float32,random,1e-12,1e-13,50,1.2860342972526446e-13,3.740365591134043e-13,0.061653360002674164,True
float32,random,1e-10,1e-11,50,1.2835463633356745e-13,3.740365591134043e-13,0.06169124000007287,True
float32,random,1e-12,1e-13,20,1.2860342972526446e-13,3.740365591134043e-13,0.0617115399800241,True
float32,random,1e-10,1e-11,5,1.2835463633356745e-13,3.740365591134043e-13,0.06194546000333503,True
float32,random,1e-08,1e-13,5,1.2860342972526446e-13,3.740365591134043e-13,0.06287546001840383,True
float32,random,1e-08,1e-13,50,1.2860342972526446e-13,3.740365591134043e-13,0.06371659999713301,True
float32,random,1e-12,1e-11,20,1.2835463633356745e-13,3.740365591134043e-13,0.06377706001512706,True
float32,random,1e-10,1e-11,20,1.2835463633356745e-13,3.740365591134043e-13,0.06932671999093146,True
float32,pinv,1e-12,1e-11,50,1.3328603491025494e-13,3.940865138499564e-13,0.05634118000743911,True
float32,pinv,1e-10,1e-11,50,1.3328603491025494e-13,3.940865138499564e-13,0.05638931998983025,True
float32,pinv,1e-10,1e-11,20,1.3328603491025494e-13,3.940865138499564e-13,0.05639351999852806,True
float32,pinv,1e-12,1e-11,20,1.3328603491025494e-13,3.940865138499564e-13,0.05691360000055283,True
float32,pinv,1e-12,1e-11,5,1.3328603491025494e-13,3.940865138499564e-13,0.05715020000934601,True
float32,pinv,1e-10,1e-11,5,1.3328603491025494e-13,3.940865138499564e-13,0.057388820010237394,True
float32,pinv,1e-08,1e-11,5,1.3328603491025494e-13,3.940865138499564e-13,0.058004419994540514,True
float32,pinv,1e-08,1e-11,20,1.3328603491025494e-13,3.940865138499564e-13,0.05801409999839961,True
float32,zero,1e-08,1e-11,50,1.3328603491025494e-13,3.940865138499564e-13,0.05854739998467266,True
float32,zero,1e-08,1e-11,20,1.3328603491025494e-13,3.940865138499564e-13,0.05950913998531178,True
float32,zero,1e-12,1e-11,50,1.3328603491025494e-13,3.940865138499564e-13,0.05956797999097034,True
float32,pinv,1e-08,1e-11,50,1.3328603491025494e-13,3.940865138499564e-13,0.05964099999982864,True
float32,zero,1e-08,1e-11,5,1.3328603491025494e-13,3.940865138499564e-13,0.05971977999433875,True
float32,zero,1e-12,1e-11,20,1.3328603491025494e-13,3.940865138499564e-13,0.06050804000115022,True
float32,zero,1e-10,1e-11,20,1.3328603491025494e-13,3.940865138499564e-13,0.060759640007745475,True
float32,zero,1e-10,1e-11,5,1.3328603491025494e-13,3.940865138499564e-13,0.06184533999767154,True
float32,zero,1e-12,1e-11,5,1.3328603491025494e-13,3.940865138499564e-13,0.06288399999029934,True
float32,zero,1e-10,1e-11,50,1.3328603491025494e-13,3.940865138499564e-13,0.06299502000911161,True
